﻿{
    "$schema": "http://datafactories.schema.management.azure.com/schemas/2015-08-01/Microsoft.DataFactory.Table.json",
    "name": "GenRawCDRData",
    "properties": {
        "published": false,
        "type": "AzureBlob",
        "linkedServiceName": "AzureStorageLinkedService",
        "typeProperties": {
            "fileName": "cdr{Year}_{Month}.csv",
            "folderPath": "churndata/genrawdata/{Year}/{Month}",
            "format": {
                "type": "TextFormat",
                "columnDelimiter": ","
            },
            "partitionedBy": [
                {
                    "name": "Year",
                    "value": {
                        "type": "DateTime",
                        "date": "SliceStart",
                        "format": "yyyy"
                    }
                },
                {
                    "name": "Month",
                    "value": {
                        "type": "DateTime",
                        "date": "SliceStart",
                        "format": "%M"
                    }
                }
            ]
        },
        "availability": {
            "frequency": "Month",
            "interval": 1
        },
        "external": true,
        "policy": {}
    }
}